<?xml version="1.0" encoding="UTF-8"?>
<archetype-descriptor name="sample">
	<fileSets>
		<fileSet filtered="true" packaged="true">
			<directory>src/main/java</directory>
			<includes>
				<include>**/*.java</include>
			</includes>
		</fileSet>
		<fileSet filtered="true" packaged="true">
			<directory>src/test/java</directory>
			<includes>
				<include>**/*.java</include>
			</includes>
		</fileSet>
		<fileSet filtered="true" packaged="false">
			<directory>src/main/resources</directory>
			<includes>
				<include>**/*.properties</include>
			</includes>
		</fileSet>
	</fileSets>
	<requiredProperties>
		<requiredProperty key="port" />
		<requiredProperty key="groupId">
			<defaultValue>com.juvenxu.mvnbook</defaultValue>
		</requiredProperty>
	</requiredProperties>
</archetype-descriptor>